id,problem_id,category,solution,expected_claims,expected_formal_steps
F2Q8-A01,ITA2025F2Q8,A,"Aplicando diferenças sucessivas de colunas em A_k=(max{{i,j}}), obtemos uma matriz transformada. A matriz de diferenças tem determinante 1, então o determinante é preservado. Da forma obtida segue det(A_k)=(-1)^(k-1)k. Logo a soma é 1-2+3-4+...+2025=1013.",matrix_transformation|determinant_formula|alternating_sum|final_answer,f2q8_bridge|f2q8_coldiff_det_one|f2q8_determinant_formula|f2q8_final_sum
F2Q8-A02,ITA2025F2Q8,A,"Faço C_j <- C_j-C_(j-1), para j>=2. Essa transformação corresponde a multiplicar por uma matriz triangular de determinante 1. Calculando a matriz resultante, vem det(A_k)=(-1)^(k-1)k. Portanto a soma alternada até 2025 vale 1013.",matrix_transformation|determinant_formula|alternating_sum|final_answer,f2q8_bridge|f2q8_coldiff_det_one|f2q8_determinant_formula|f2q8_final_sum
F2Q8-A03,ITA2025F2Q8,A,"A ideia é subtrair colunas consecutivas. Como a matriz que realiza essa operação tem determinante igual a 1, o determinante de A_k não muda. Depois da transformação, obtém-se det(A_k)=(-1)^(k-1)k. Assim, 1-2+3-4+...+2025=1013.",matrix_transformation|determinant_formula|alternating_sum|final_answer,f2q8_bridge|f2q8_coldiff_det_one|f2q8_determinant_formula|f2q8_final_sum
F2Q8-A04,ITA2025F2Q8,A,"Mantendo a primeira coluna e trocando cada coluna seguinte pela diferença com a anterior, a matriz fica simples. A operação é feita por uma matriz de determinante 1. O cálculo dá det(A_k)=(-1)^(k-1) k; então a soma dos determinantes é 1013.",matrix_transformation|determinant_formula|alternating_sum|final_answer,f2q8_bridge|f2q8_coldiff_det_one|f2q8_determinant_formula|f2q8_final_sum
F2Q8-A05,ITA2025F2Q8,A,"Pelas diferenças sucessivas de colunas, reduzo A_k a uma forma triangular por blocos. A matriz auxiliar tem determinante 1, logo det(A_k)=(-1)^(k-1)k. Somando de k=1 até 2025: 1-2+3-4+...+2025=1013.",matrix_transformation|determinant_formula|alternating_sum|final_answer,f2q8_bridge|f2q8_coldiff_det_one|f2q8_determinant_formula|f2q8_final_sum
F2Q8-A06,ITA2025F2Q8,A,"Uso a transformação C2-C1, C3-C2, etc. Ela preserva o determinante porque equivale a uma matriz triangular com diagonal unitária. Na matriz final aparece a fórmula det(A_k)=(-1)^(k-1)k. A soma pedida é 1013.",matrix_transformation|determinant_formula|alternating_sum|final_answer,f2q8_bridge|f2q8_coldiff_det_one|f2q8_determinant_formula|f2q8_final_sum
F2Q8-A07,ITA2025F2Q8,A,"Depois das diferenças de colunas, a matriz obtida permite expansão direta. Como a matriz das diferenças tem det igual a 1, resulta det(A_k)=(-1)^(k-1)k. Assim a soma alternada termina em +2025 e vale 1013.",matrix_transformation|determinant_formula|alternating_sum|final_answer,f2q8_bridge|f2q8_coldiff_det_one|f2q8_determinant_formula|f2q8_final_sum
F2Q8-A08,ITA2025F2Q8,A,"Considero a matriz de diferenças de colunas. Multiplicar A_k por ela transforma a matriz original sem alterar o determinante, pois seu determinante é 1. Daí det(A_k)=(-1)^(k-1)k e a soma final é 1013.",matrix_transformation|determinant_formula|alternating_sum|final_answer,f2q8_bridge|f2q8_coldiff_det_one|f2q8_determinant_formula|f2q8_final_sum
F2Q8-A09,ITA2025F2Q8,A,"A_k pode ser simplificada por diferenças sucessivas nas colunas. Essa passagem tem determinante auxiliar 1. O determinante geral fica (-1)^(k-1)k. Portanto, a soma 1-2+3-4+...+2025 é igual a 1013.",matrix_transformation|determinant_formula|alternating_sum|final_answer,f2q8_bridge|f2q8_coldiff_det_one|f2q8_determinant_formula|f2q8_final_sum
F2Q8-A10,ITA2025F2Q8,A,"Subtraindo cada coluna da anterior, a matriz de max(i,j) fica em uma forma cujo determinante é (-1)^(k-1)k. A transformação usada tem determinante 1. Logo a soma dos determinantes até 2025 é 1013.",matrix_transformation|determinant_formula|alternating_sum|final_answer,f2q8_bridge|f2q8_coldiff_det_one|f2q8_determinant_formula|f2q8_final_sum
F2Q8-A11,ITA2025F2Q8,A,"Aplicando diferenças sucessivas de colunas em A_k=(max{{i,j}}), obtemos uma matriz transformada. A matriz de diferenças tem determinante 1, então o determinante é preservado. Da forma obtida segue det(A_k)=(-1)^(k-1)k. Logo a soma é 1-2+3-4+...+2025=1013.",matrix_transformation|determinant_formula|alternating_sum|final_answer,f2q8_bridge|f2q8_coldiff_det_one|f2q8_determinant_formula|f2q8_final_sum
F2Q8-A12,ITA2025F2Q8,A,"Faço C_j <- C_j-C_(j-1), para j>=2. Essa transformação corresponde a multiplicar por uma matriz triangular de determinante 1. Calculando a matriz resultante, vem det(A_k)=(-1)^(k-1)k. Portanto a soma alternada até 2025 vale 1013.",matrix_transformation|determinant_formula|alternating_sum|final_answer,f2q8_bridge|f2q8_coldiff_det_one|f2q8_determinant_formula|f2q8_final_sum
F2Q8-A13,ITA2025F2Q8,A,"A ideia é subtrair colunas consecutivas. Como a matriz que realiza essa operação tem determinante igual a 1, o determinante de A_k não muda. Depois da transformação, obtém-se det(A_k)=(-1)^(k-1)k. Assim, 1-2+3-4+...+2025=1013.",matrix_transformation|determinant_formula|alternating_sum|final_answer,f2q8_bridge|f2q8_coldiff_det_one|f2q8_determinant_formula|f2q8_final_sum
F2Q8-A14,ITA2025F2Q8,A,"Mantendo a primeira coluna e trocando cada coluna seguinte pela diferença com a anterior, a matriz fica simples. A operação é feita por uma matriz de determinante 1. O cálculo dá det(A_k)=(-1)^(k-1) k; então a soma dos determinantes é 1013.",matrix_transformation|determinant_formula|alternating_sum|final_answer,f2q8_bridge|f2q8_coldiff_det_one|f2q8_determinant_formula|f2q8_final_sum
F2Q8-A15,ITA2025F2Q8,A,"Pelas diferenças sucessivas de colunas, reduzo A_k a uma forma triangular por blocos. A matriz auxiliar tem determinante 1, logo det(A_k)=(-1)^(k-1)k. Somando de k=1 até 2025: 1-2+3-4+...+2025=1013.",matrix_transformation|determinant_formula|alternating_sum|final_answer,f2q8_bridge|f2q8_coldiff_det_one|f2q8_determinant_formula|f2q8_final_sum
F2Q8-A16,ITA2025F2Q8,A,"Uso a transformação C2-C1, C3-C2, etc. Ela preserva o determinante porque equivale a uma matriz triangular com diagonal unitária. Na matriz final aparece a fórmula det(A_k)=(-1)^(k-1)k. A soma pedida é 1013.",matrix_transformation|determinant_formula|alternating_sum|final_answer,f2q8_bridge|f2q8_coldiff_det_one|f2q8_determinant_formula|f2q8_final_sum
F2Q8-A17,ITA2025F2Q8,A,"Depois das diferenças de colunas, a matriz obtida permite expansão direta. Como a matriz das diferenças tem det igual a 1, resulta det(A_k)=(-1)^(k-1)k. Assim a soma alternada termina em +2025 e vale 1013.",matrix_transformation|determinant_formula|alternating_sum|final_answer,f2q8_bridge|f2q8_coldiff_det_one|f2q8_determinant_formula|f2q8_final_sum
F2Q8-A18,ITA2025F2Q8,A,"Considero a matriz de diferenças de colunas. Multiplicar A_k por ela transforma a matriz original sem alterar o determinante, pois seu determinante é 1. Daí det(A_k)=(-1)^(k-1)k e a soma final é 1013.",matrix_transformation|determinant_formula|alternating_sum|final_answer,f2q8_bridge|f2q8_coldiff_det_one|f2q8_determinant_formula|f2q8_final_sum
F2Q8-A19,ITA2025F2Q8,A,"A_k pode ser simplificada por diferenças sucessivas nas colunas. Essa passagem tem determinante auxiliar 1. O determinante geral fica (-1)^(k-1)k. Portanto, a soma 1-2+3-4+...+2025 é igual a 1013.",matrix_transformation|determinant_formula|alternating_sum|final_answer,f2q8_bridge|f2q8_coldiff_det_one|f2q8_determinant_formula|f2q8_final_sum
F2Q8-A20,ITA2025F2Q8,A,"Subtraindo cada coluna da anterior, a matriz de max(i,j) fica em uma forma cujo determinante é (-1)^(k-1)k. A transformação usada tem determinante 1. Logo a soma dos determinantes até 2025 é 1013.",matrix_transformation|determinant_formula|alternating_sum|final_answer,f2q8_bridge|f2q8_coldiff_det_one|f2q8_determinant_formula|f2q8_final_sum
F2Q8-A21,ITA2025F2Q8,A,"Aplicando diferenças sucessivas de colunas em A_k=(max{{i,j}}), obtemos uma matriz transformada. A matriz de diferenças tem determinante 1, então o determinante é preservado. Da forma obtida segue det(A_k)=(-1)^(k-1)k. Logo a soma é 1-2+3-4+...+2025=1013.",matrix_transformation|determinant_formula|alternating_sum|final_answer,f2q8_bridge|f2q8_coldiff_det_one|f2q8_determinant_formula|f2q8_final_sum
F2Q8-A22,ITA2025F2Q8,A,"Faço C_j <- C_j-C_(j-1), para j>=2. Essa transformação corresponde a multiplicar por uma matriz triangular de determinante 1. Calculando a matriz resultante, vem det(A_k)=(-1)^(k-1)k. Portanto a soma alternada até 2025 vale 1013.",matrix_transformation|determinant_formula|alternating_sum|final_answer,f2q8_bridge|f2q8_coldiff_det_one|f2q8_determinant_formula|f2q8_final_sum
F2Q8-A23,ITA2025F2Q8,A,"A ideia é subtrair colunas consecutivas. Como a matriz que realiza essa operação tem determinante igual a 1, o determinante de A_k não muda. Depois da transformação, obtém-se det(A_k)=(-1)^(k-1)k. Assim, 1-2+3-4+...+2025=1013.",matrix_transformation|determinant_formula|alternating_sum|final_answer,f2q8_bridge|f2q8_coldiff_det_one|f2q8_determinant_formula|f2q8_final_sum
F2Q8-A24,ITA2025F2Q8,A,"Mantendo a primeira coluna e trocando cada coluna seguinte pela diferença com a anterior, a matriz fica simples. A operação é feita por uma matriz de determinante 1. O cálculo dá det(A_k)=(-1)^(k-1) k; então a soma dos determinantes é 1013.",matrix_transformation|determinant_formula|alternating_sum|final_answer,f2q8_bridge|f2q8_coldiff_det_one|f2q8_determinant_formula|f2q8_final_sum
F2Q8-A25,ITA2025F2Q8,A,"Pelas diferenças sucessivas de colunas, reduzo A_k a uma forma triangular por blocos. A matriz auxiliar tem determinante 1, logo det(A_k)=(-1)^(k-1)k. Somando de k=1 até 2025: 1-2+3-4+...+2025=1013.",matrix_transformation|determinant_formula|alternating_sum|final_answer,f2q8_bridge|f2q8_coldiff_det_one|f2q8_determinant_formula|f2q8_final_sum
F2Q8-A26,ITA2025F2Q8,A,"Uso a transformação C2-C1, C3-C2, etc. Ela preserva o determinante porque equivale a uma matriz triangular com diagonal unitária. Na matriz final aparece a fórmula det(A_k)=(-1)^(k-1)k. A soma pedida é 1013.",matrix_transformation|determinant_formula|alternating_sum|final_answer,f2q8_bridge|f2q8_coldiff_det_one|f2q8_determinant_formula|f2q8_final_sum
F2Q8-A27,ITA2025F2Q8,A,"Depois das diferenças de colunas, a matriz obtida permite expansão direta. Como a matriz das diferenças tem det igual a 1, resulta det(A_k)=(-1)^(k-1)k. Assim a soma alternada termina em +2025 e vale 1013.",matrix_transformation|determinant_formula|alternating_sum|final_answer,f2q8_bridge|f2q8_coldiff_det_one|f2q8_determinant_formula|f2q8_final_sum
F2Q8-A28,ITA2025F2Q8,A,"Considero a matriz de diferenças de colunas. Multiplicar A_k por ela transforma a matriz original sem alterar o determinante, pois seu determinante é 1. Daí det(A_k)=(-1)^(k-1)k e a soma final é 1013.",matrix_transformation|determinant_formula|alternating_sum|final_answer,f2q8_bridge|f2q8_coldiff_det_one|f2q8_determinant_formula|f2q8_final_sum
F2Q8-A29,ITA2025F2Q8,A,"A_k pode ser simplificada por diferenças sucessivas nas colunas. Essa passagem tem determinante auxiliar 1. O determinante geral fica (-1)^(k-1)k. Portanto, a soma 1-2+3-4+...+2025 é igual a 1013.",matrix_transformation|determinant_formula|alternating_sum|final_answer,f2q8_bridge|f2q8_coldiff_det_one|f2q8_determinant_formula|f2q8_final_sum
F2Q8-A30,ITA2025F2Q8,A,"Subtraindo cada coluna da anterior, a matriz de max(i,j) fica em uma forma cujo determinante é (-1)^(k-1)k. A transformação usada tem determinante 1. Logo a soma dos determinantes até 2025 é 1013.",matrix_transformation|determinant_formula|alternating_sum|final_answer,f2q8_bridge|f2q8_coldiff_det_one|f2q8_determinant_formula|f2q8_final_sum
F2Q8-B01,ITA2025F2Q8,B,"Faço diferenças de colunas, mas concluo que det(A_k)=(-1)^k k. Assim a soma fica -1+2-3+...-2025=-1013.",matrix_transformation,f2q8_bridge|f2q8_coldiff_det_one
F2Q8-B02,ITA2025F2Q8,B,"Uso diferenças sucessivas de colunas. Achei que a matriz de diferenças teria determinante -1, então fiquei com det(A_k)=(-1)^k k e resposta -1013.",matrix_transformation,f2q8_bridge|f2q8_coldiff_det_one
F2Q8-B03,ITA2025F2Q8,B,A matriz parece dar det(A_k)=k para todo k. Então a soma seria 1+2+...+2025.,,
F2Q8-B04,ITA2025F2Q8,B,"Depois de transformar as colunas, eu obtenho det(A_k)=(-1)^(k-1)(k+1). Logo a soma alternada fica 1-3+4-5+... e não 1013.",matrix_transformation,f2q8_bridge|f2q8_coldiff_det_one
F2Q8-B05,ITA2025F2Q8,B,"Faço C_j-C_(j-1), mas na soma final calculei 1-2+3-4+...+2025 como 1012.",matrix_transformation|determinant_formula|alternating_sum,f2q8_bridge|f2q8_coldiff_det_one|f2q8_determinant_formula|f2q8_final_sum
F2Q8-B06,ITA2025F2Q8,B,A transformação por colunas está certa e dá det(A_k)=(-1)^(k-1)k. Só que agrupei os pares e achei 2025-1013=1012.,matrix_transformation|determinant_formula|alternating_sum,f2q8_bridge|f2q8_coldiff_det_one|f2q8_determinant_formula|f2q8_final_sum
F2Q8-B07,ITA2025F2Q8,B,"Faço diferenças de colunas, mas concluo que det(A_k)=(-1)^k k. Assim a soma fica -1+2-3+...-2025=-1013.",matrix_transformation,f2q8_bridge|f2q8_coldiff_det_one
F2Q8-B08,ITA2025F2Q8,B,"Uso diferenças sucessivas de colunas. Achei que a matriz de diferenças teria determinante -1, então fiquei com det(A_k)=(-1)^k k e resposta -1013.",matrix_transformation,f2q8_bridge|f2q8_coldiff_det_one
F2Q8-B09,ITA2025F2Q8,B,A matriz parece dar det(A_k)=k para todo k. Então a soma seria 1+2+...+2025.,,
F2Q8-B10,ITA2025F2Q8,B,"Depois de transformar as colunas, eu obtenho det(A_k)=(-1)^(k-1)(k+1). Logo a soma alternada fica 1-3+4-5+... e não 1013.",matrix_transformation,f2q8_bridge|f2q8_coldiff_det_one
F2Q8-B11,ITA2025F2Q8,B,"Faço C_j-C_(j-1), mas na soma final calculei 1-2+3-4+...+2025 como 1012.",matrix_transformation|determinant_formula|alternating_sum,f2q8_bridge|f2q8_coldiff_det_one|f2q8_determinant_formula|f2q8_final_sum
F2Q8-B12,ITA2025F2Q8,B,A transformação por colunas está certa e dá det(A_k)=(-1)^(k-1)k. Só que agrupei os pares e achei 2025-1013=1012.,matrix_transformation|determinant_formula|alternating_sum,f2q8_bridge|f2q8_coldiff_det_one|f2q8_determinant_formula|f2q8_final_sum
F2Q8-B13,ITA2025F2Q8,B,"Faço diferenças de colunas, mas concluo que det(A_k)=(-1)^k k. Assim a soma fica -1+2-3+...-2025=-1013.",matrix_transformation,f2q8_bridge|f2q8_coldiff_det_one
F2Q8-B14,ITA2025F2Q8,B,"Uso diferenças sucessivas de colunas. Achei que a matriz de diferenças teria determinante -1, então fiquei com det(A_k)=(-1)^k k e resposta -1013.",matrix_transformation,f2q8_bridge|f2q8_coldiff_det_one
F2Q8-B15,ITA2025F2Q8,B,A matriz parece dar det(A_k)=k para todo k. Então a soma seria 1+2+...+2025.,,
F2Q8-B16,ITA2025F2Q8,B,"Depois de transformar as colunas, eu obtenho det(A_k)=(-1)^(k-1)(k+1). Logo a soma alternada fica 1-3+4-5+... e não 1013.",matrix_transformation,f2q8_bridge|f2q8_coldiff_det_one
F2Q8-B17,ITA2025F2Q8,B,"Faço C_j-C_(j-1), mas na soma final calculei 1-2+3-4+...+2025 como 1012.",matrix_transformation|determinant_formula|alternating_sum,f2q8_bridge|f2q8_coldiff_det_one|f2q8_determinant_formula|f2q8_final_sum
F2Q8-B18,ITA2025F2Q8,B,A transformação por colunas está certa e dá det(A_k)=(-1)^(k-1)k. Só que agrupei os pares e achei 2025-1013=1012.,matrix_transformation|determinant_formula|alternating_sum,f2q8_bridge|f2q8_coldiff_det_one|f2q8_determinant_formula|f2q8_final_sum
F2Q8-B19,ITA2025F2Q8,B,"Faço diferenças de colunas, mas concluo que det(A_k)=(-1)^k k. Assim a soma fica -1+2-3+...-2025=-1013.",matrix_transformation,f2q8_bridge|f2q8_coldiff_det_one
F2Q8-B20,ITA2025F2Q8,B,"Uso diferenças sucessivas de colunas. Achei que a matriz de diferenças teria determinante -1, então fiquei com det(A_k)=(-1)^k k e resposta -1013.",matrix_transformation,f2q8_bridge|f2q8_coldiff_det_one
F2Q8-B21,ITA2025F2Q8,B,A matriz parece dar det(A_k)=k para todo k. Então a soma seria 1+2+...+2025.,,
F2Q8-B22,ITA2025F2Q8,B,"Depois de transformar as colunas, eu obtenho det(A_k)=(-1)^(k-1)(k+1). Logo a soma alternada fica 1-3+4-5+... e não 1013.",matrix_transformation,f2q8_bridge|f2q8_coldiff_det_one
F2Q8-B23,ITA2025F2Q8,B,"Faço C_j-C_(j-1), mas na soma final calculei 1-2+3-4+...+2025 como 1012.",matrix_transformation|determinant_formula|alternating_sum,f2q8_bridge|f2q8_coldiff_det_one|f2q8_determinant_formula|f2q8_final_sum
F2Q8-B24,ITA2025F2Q8,B,A transformação por colunas está certa e dá det(A_k)=(-1)^(k-1)k. Só que agrupei os pares e achei 2025-1013=1012.,matrix_transformation|determinant_formula|alternating_sum,f2q8_bridge|f2q8_coldiff_det_one|f2q8_determinant_formula|f2q8_final_sum
F2Q8-C01,ITA2025F2Q8,C,"Como A_k é simétrica, seu determinante deve ser a soma dos elementos da diagonal. Então concluo que o valor é 1013.",final_answer,f2q8_final_sum
F2Q8-C02,ITA2025F2Q8,C,"Como max(i,j) sempre cresce, o determinante é positivo para todo k. Portanto basta somar k e obter a resposta.",,
F2Q8-C03,ITA2025F2Q8,C,"A matriz tem linhas parecidas, então o determinante é sempre zero. Logo a soma também seria zero.",,
F2Q8-C04,ITA2025F2Q8,C,"Por ser uma matriz com entradas inteiras, assumi que det(A_k)=k^2. Então a soma é a soma dos quadrados.",,
F2Q8-C05,ITA2025F2Q8,C,"A matriz é simétrica, logo diagonalizável, então diretamente det(A_k)=(-1)^(k-1)k, sem precisar transformar colunas.",determinant_formula,f2q8_determinant_formula
F2Q8-C06,ITA2025F2Q8,C,Troco linhas por colunas livremente e digo que isso não altera nada. Daí afirmo que o determinante é 1013.,final_answer,f2q8_final_sum
F2Q8-C07,ITA2025F2Q8,C,"Como A_k é simétrica, seu determinante deve ser a soma dos elementos da diagonal. Então concluo que o valor é 1013.",final_answer,f2q8_final_sum
F2Q8-C08,ITA2025F2Q8,C,"Como max(i,j) sempre cresce, o determinante é positivo para todo k. Portanto basta somar k e obter a resposta.",,
F2Q8-C09,ITA2025F2Q8,C,"A matriz tem linhas parecidas, então o determinante é sempre zero. Logo a soma também seria zero.",,
F2Q8-C10,ITA2025F2Q8,C,"Por ser uma matriz com entradas inteiras, assumi que det(A_k)=k^2. Então a soma é a soma dos quadrados.",,
F2Q8-C11,ITA2025F2Q8,C,"A matriz é simétrica, logo diagonalizável, então diretamente det(A_k)=(-1)^(k-1)k, sem precisar transformar colunas.",determinant_formula,f2q8_determinant_formula
F2Q8-C12,ITA2025F2Q8,C,Troco linhas por colunas livremente e digo que isso não altera nada. Daí afirmo que o determinante é 1013.,final_answer,f2q8_final_sum
F2Q8-D01,ITA2025F2Q8,D,A matriz pode ser simplificada por diferenças sucessivas de colunas.,matrix_transformation,f2q8_bridge
F2Q8-D02,ITA2025F2Q8,D,"A matriz de diferenças de colunas tem determinante 1, então essa operação preserva o determinante.",matrix_transformation,f2q8_bridge|f2q8_coldiff_det_one
F2Q8-D03,ITA2025F2Q8,D,"Cheguei na fórmula det(A_k)=(-1)^(k-1)k, mas não consegui terminar a soma.",determinant_formula,f2q8_determinant_formula
F2Q8-D04,ITA2025F2Q8,D,A soma fica 1-2+3-4+...+2025.,alternating_sum,f2q8_final_sum
F2Q8-D05,ITA2025F2Q8,D,A resposta final é 1013.,final_answer,f2q8_final_sum
F2Q8-D06,ITA2025F2Q8,D,"Depois da transformação, parece que o determinante alterna sinal e tem módulo k.",determinant_formula,f2q8_determinant_formula
F2Q8-D07,ITA2025F2Q8,D,Não deu tempo de escrever tudo: usei diferenças de colunas e depois somei uma sequência alternada até 2025.,matrix_transformation|alternating_sum,f2q8_bridge|f2q8_coldiff_det_one|f2q8_final_sum
F2Q8-D08,ITA2025F2Q8,D,"Se det(A_k)=(-1)^(k-1)k, então o final sai 1013.",determinant_formula|final_answer,f2q8_determinant_formula|f2q8_final_sum
F2Q8-D09,ITA2025F2Q8,D,A matriz pode ser simplificada por diferenças sucessivas de colunas.,matrix_transformation,f2q8_bridge
F2Q8-D10,ITA2025F2Q8,D,"A matriz de diferenças de colunas tem determinante 1, então essa operação preserva o determinante.",matrix_transformation,f2q8_bridge|f2q8_coldiff_det_one
F2Q8-D11,ITA2025F2Q8,D,"Cheguei na fórmula det(A_k)=(-1)^(k-1)k, mas não consegui terminar a soma.",determinant_formula,f2q8_determinant_formula
F2Q8-D12,ITA2025F2Q8,D,A soma fica 1-2+3-4+...+2025.,alternating_sum,f2q8_final_sum
F2Q8-D13,ITA2025F2Q8,D,A resposta final é 1013.,final_answer,f2q8_final_sum
F2Q8-D14,ITA2025F2Q8,D,"Depois da transformação, parece que o determinante alterna sinal e tem módulo k.",determinant_formula,f2q8_determinant_formula
F2Q8-D15,ITA2025F2Q8,D,Não deu tempo de escrever tudo: usei diferenças de colunas e depois somei uma sequência alternada até 2025.,matrix_transformation|alternating_sum,f2q8_bridge|f2q8_coldiff_det_one|f2q8_final_sum
F2Q8-D16,ITA2025F2Q8,D,"Se det(A_k)=(-1)^(k-1)k, então o final sai 1013.",determinant_formula|final_answer,f2q8_determinant_formula|f2q8_final_sum
F2Q8-E01,ITA2025F2Q8,E,Cj<-Cj-Cj-1;det matriz auxiliar=1;det(Ak)=(-1)^(k-1)k;soma=1-2+3-4+...+2025=1013,matrix_transformation|determinant_formula|alternating_sum|final_answer,f2q8_bridge|f2q8_coldiff_det_one|f2q8_determinant_formula|f2q8_final_sum
F2Q8-E02,ITA2025F2Q8,E,Faço coluna j menos coluna j menos um. A auxiliar tem determinante um. O determinante de A índice k é menos um elevado a k menos um vezes k. A soma dá mil e treze.,matrix_transformation|determinant_formula|alternating_sum|final_answer,f2q8_bridge|f2q8_coldiff_det_one|f2q8_determinant_formula|f2q8_final_sum
F2Q8-E03,ITA2025F2Q8,E,C_j\leftarrow C_j-C_{j-1}. \det(B)=1. \det(A_k)=(-1)^{k-1}k. \sum_{k=1}^{2025}\det(A_k)=1013.,matrix_transformation|determinant_formula|alternating_sum|final_answer,f2q8_bridge|f2q8_coldiff_det_one|f2q8_determinant_formula|f2q8_final_sum
F2Q8-E04,ITA2025F2Q8,E,diferenças   de   colunas     det=1      det(A_k)=(-1)^(k-1)k       1-2+3-4+...+2025=1013,matrix_transformation|determinant_formula|alternating_sum|final_answer,f2q8_bridge|f2q8_coldiff_det_one|f2q8_determinant_formula|f2q8_final_sum
F2Q8-E05,ITA2025F2Q8,E,"Primeiro pensei que era -1013, mas corrigi: com det(A_k)=(-1)^(k-1)k, a soma alternada termina em +2025 e vale 1013.",determinant_formula|alternating_sum|final_answer,f2q8_determinant_formula|f2q8_final_sum
F2Q8-E06,ITA2025F2Q8,E,Cj<-Cj-Cj-1;det matriz auxiliar=1;det(Ak)=(-1)^(k-1)k;soma=1-2+3-4+...+2025=1013,matrix_transformation|determinant_formula|alternating_sum|final_answer,f2q8_bridge|f2q8_coldiff_det_one|f2q8_determinant_formula|f2q8_final_sum
F2Q8-E07,ITA2025F2Q8,E,Faço coluna j menos coluna j menos um. A auxiliar tem determinante um. O determinante de A índice k é menos um elevado a k menos um vezes k. A soma dá mil e treze.,matrix_transformation|determinant_formula|alternating_sum|final_answer,f2q8_bridge|f2q8_coldiff_det_one|f2q8_determinant_formula|f2q8_final_sum
F2Q8-E08,ITA2025F2Q8,E,C_j\leftarrow C_j-C_{j-1}. \det(B)=1. \det(A_k)=(-1)^{k-1}k. \sum_{k=1}^{2025}\det(A_k)=1013.,matrix_transformation|determinant_formula|alternating_sum|final_answer,f2q8_bridge|f2q8_coldiff_det_one|f2q8_determinant_formula|f2q8_final_sum
F2Q8-E09,ITA2025F2Q8,E,diferenças   de   colunas     det=1      det(A_k)=(-1)^(k-1)k       1-2+3-4+...+2025=1013,matrix_transformation|determinant_formula|alternating_sum|final_answer,f2q8_bridge|f2q8_coldiff_det_one|f2q8_determinant_formula|f2q8_final_sum
F2Q8-E10,ITA2025F2Q8,E,"Primeiro pensei que era -1013, mas corrigi: com det(A_k)=(-1)^(k-1)k, a soma alternada termina em +2025 e vale 1013.",determinant_formula|alternating_sum|final_answer,f2q8_determinant_formula|f2q8_final_sum
F2Q8-F01,ITA2025F2Q8,F,"Hoje eu comi arroz, feijão e 1013 bananas. Não sei resolver matriz.",,
F2Q8-F02,ITA2025F2Q8,F,Resposta: 1013. Confia.,final_answer,f2q8_final_sum
F2Q8-F03,ITA2025F2Q8,F,det(A_k)=(-1)^(k-1)k. 1013. Sem demonstração.,determinant_formula|final_answer,f2q8_determinant_formula|f2q8_final_sum
F2Q8-F04,ITA2025F2Q8,F,O Flamengo ganhou de 1-2+3-4+2025 e o placar final foi 1013.,,
F2Q8-F05,ITA2025F2Q8,F,Não sei.,,
F2Q8-F06,ITA2025F2Q8,F,?,,
F2Q8-F07,ITA2025F2Q8,F,"Para funções f e g, tomo x1=1/8 e x2=3/8, logo g não é injetora.",,
F2Q8-F08,ITA2025F2Q8,F,matriz diferença determinante soma 1013 fórmula k coluna.,,
